{"Loss": {"_type": "histogram", "values": [6, 0, 1, 0, 0, 0, 0, 14, 3, 0, 3, 0, 0, 0, 5, 1, 30, 6, 0, 1, 39, 0, 0, 0, 0, 0, 0, 10, 1, 6, 0, 2], "bins": [-3.261554718017578, -3.2395286560058594, -3.2175025939941406, -3.195476770401001, -3.1734507083892822, -3.1514246463775635, -3.129398822784424, -3.107372760772705, -3.0853466987609863, -3.0633206367492676, -3.041294574737549, -3.019268751144409, -2.9972426891326904, -2.9752166271209717, -2.953190803527832, -2.9311647415161133, -2.9091386795043945, -2.887112617492676, -2.865086555480957, -2.8430607318878174, -2.8210346698760986, -2.79900860786438, -2.7769827842712402, -2.7549567222595215, -2.7329306602478027, -2.710904598236084, -2.6888785362243652, -2.6668527126312256, -2.644826650619507, -2.622800588607788, -2.6007747650146484, -2.5787487030029297, -2.556722640991211]}, "_timestamp": 1708455392.820066, "_runtime": 6.596242904663086, "_step": 0, "_wandb": {"runtime": 4}}