{"Loss": {"_type": "histogram", "values": [13, 3, 0, 1, 0, 16, 13, 7, 5, 0, 1, 0, 10, 4, 0, 2, 2, 0, 2, 14, 8, 3, 4, 0, 10, 0, 2, 0, 3, 0, 0, 5], "bins": [-3.2631032466888428, -3.235529899597168, -3.207956552505493, -3.1803834438323975, -3.1528100967407227, -3.125236749649048, -3.097663402557373, -3.0700902938842773, -3.0425169467926025, -3.0149435997009277, -2.987370252609253, -2.959796905517578, -2.9322237968444824, -2.9046504497528076, -2.877077102661133, -2.849503755569458, -2.821930408477783, -2.7943572998046875, -2.7667839527130127, -2.739210605621338, -2.711637258529663, -2.6840641498565674, -2.6564908027648926, -2.6289174556732178, -2.601344108581543, -2.573770761489868, -2.5461976528167725, -2.5186243057250977, -2.491050958633423, -2.463477611541748, -2.4359045028686523, -2.4083311557769775, -2.3807578086853027]}, "_timestamp": 1708455492.9757981, "_runtime": 6.719442129135132, "_step": 0, "_wandb": {"runtime": 4}}