{"Loss": {"_type": "histogram", "values": [20, 0, 0, 0, 1, 3, 2, 4, 3, 2, 0, 0, 2, 2, 2, 1, 1, 4, 25, 0, 6, 9, 2, 8, 4, 7, 5, 10, 1, 0, 0, 4], "bins": [-3.236074209213257, -3.209507942199707, -3.1829416751861572, -3.1563754081726074, -3.1298091411590576, -3.103242874145508, -3.076676607131958, -3.050110340118408, -3.0235440731048584, -2.9969778060913086, -2.970411539077759, -2.943845272064209, -2.917279005050659, -2.8907127380371094, -2.8641464710235596, -2.8375802040100098, -2.811013698577881, -2.784447431564331, -2.7578811645507812, -2.7313148975372314, -2.7047486305236816, -2.678182363510132, -2.651616096496582, -2.6250498294830322, -2.5984835624694824, -2.5719172954559326, -2.545351028442383, -2.518784761428833, -2.492218494415283, -2.4656522274017334, -2.4390859603881836, -2.412519693374634, -2.385953426361084]}, "_timestamp": 1708455466.2058082, "_runtime": 6.658033132553101, "_step": 0, "_wandb": {"runtime": 3}}