{"Loss": {"_type": "histogram", "values": [3, 0, 0, 0, 0, 0, 0, 0, 0, 0, 0, 0, 0, 121, 0, 0, 0, 0, 0, 0, 0, 0, 0, 0, 0, 0, 1, 0, 0, 0, 2, 1], "bins": [-3.1949071884155273, -3.193524122238159, -3.192141056060791, -3.190757989883423, -3.1893749237060547, -3.1879918575286865, -3.1866087913513184, -3.18522572517395, -3.183842658996582, -3.1824593544006348, -3.1810762882232666, -3.1796932220458984, -3.1783101558685303, -3.176927089691162, -3.175544023513794, -3.174160957336426, -3.1727778911590576, -3.1713948249816895, -3.1700117588043213, -3.168628692626953, -3.167245626449585, -3.165862560272217, -3.1644794940948486, -3.1630964279174805, -3.161713123321533, -3.160330057144165, -3.158946990966797, -3.1575639247894287, -3.1561808586120605, -3.1547977924346924, -3.153414726257324, -3.152031660079956, -3.150648593902588]}, "_timestamp": 1708455208.010835, "_runtime": 6.806257963180542, "_step": 0, "_wandb": {"runtime": 4}}