{"Loss": {"_type": "histogram", "values": [3, 2, 3, 2, 10, 5, 0, 0, 3, 0, 5, 15, 2, 2, 0, 0, 0, 0, 13, 7, 2, 4, 3, 9, 1, 2, 15, 3, 0, 2, 4, 11], "bins": [-3.3302512168884277, -3.306536912918091, -3.282822608947754, -3.259108543395996, -3.235394239425659, -3.2116799354553223, -3.1879658699035645, -3.1642515659332275, -3.1405372619628906, -3.1168229579925537, -3.093108654022217, -3.069394588470459, -3.045680284500122, -3.021965980529785, -2.9982519149780273, -2.9745376110076904, -2.9508233070373535, -2.9271090030670166, -2.9033946990966797, -2.879680633544922, -2.855966329574585, -2.832252025604248, -2.8085379600524902, -2.7848236560821533, -2.7611093521118164, -2.7373950481414795, -2.7136807441711426, -2.6899666786193848, -2.666252374649048, -2.642538070678711, -2.618824005126953, -2.595109701156616, -2.5713953971862793]}, "_timestamp": 1708455519.713276, "_runtime": 6.563841819763184, "_step": 0, "_wandb": {"runtime": 3}}