{"Loss": {"_type": "histogram", "values": [2, 0, 0, 8, 13, 3, 1, 5, 0, 32, 6, 5, 2, 0, 3, 0, 2, 6, 1, 0, 0, 13, 1, 5, 0, 2, 7, 0, 2, 1, 6, 2], "bins": [-3.3188467025756836, -3.2951138019561768, -3.271381139755249, -3.247648239135742, -3.2239153385162354, -3.2001824378967285, -3.176449775695801, -3.152716875076294, -3.128983974456787, -3.1052513122558594, -3.0815184116363525, -3.0577855110168457, -3.034052610397339, -3.010319948196411, -2.9865870475769043, -2.9628541469573975, -2.9391212463378906, -2.915388584136963, -2.891655683517456, -2.867922782897949, -2.8441901206970215, -2.8204572200775146, -2.796724319458008, -2.772991418838501, -2.7492587566375732, -2.7255258560180664, -2.7017929553985596, -2.678060293197632, -2.654327392578125, -2.630594491958618, -2.6068615913391113, -2.5831289291381836, -2.5593960285186768]}, "_timestamp": 1708455532.708103, "_runtime": 6.490350008010864, "_step": 0, "_wandb": {"runtime": 4}}