{"Loss": {"_type": "histogram", "values": [121, 0, 0, 1, 0, 2, 0, 1, 0, 0, 0, 0, 0, 0, 0, 0, 0, 0, 0, 0, 0, 0, 0, 0, 0, 0, 0, 0, 0, 0, 0, 3], "bins": [-3.17596173286438, -3.173473358154297, -3.1709847450256348, -3.1684963703155518, -3.1660079956054688, -3.1635196208953857, -3.1610312461853027, -3.1585426330566406, -3.1560542583465576, -3.1535658836364746, -3.1510772705078125, -3.1485888957977295, -3.1461005210876465, -3.1436121463775635, -3.1411237716674805, -3.1386351585388184, -3.1361467838287354, -3.1336584091186523, -3.1311697959899902, -3.1286814212799072, -3.126193046569824, -3.123704671859741, -3.121216297149658, -3.118727684020996, -3.116239309310913, -3.11375093460083, -3.111262321472168, -3.108773946762085, -3.106285572052002, -3.103797197341919, -3.101308822631836, -3.098820209503174, -3.096331834793091]}, "_timestamp": 1708455238.85636, "_runtime": 6.494591951370239, "_step": 0, "_wandb": {"runtime": 3}}