{"Loss": {"_type": "histogram", "values": [2, 10, 0, 28, 0, 0, 1, 0, 4, 21, 1, 1, 0, 0, 5, 35, 0, 0, 2, 3, 3, 0, 0, 0, 0, 0, 0, 0, 2, 1, 0, 9], "bins": [-3.2620468139648438, -3.240168571472168, -3.2182905673980713, -3.1964123249053955, -3.1745340824127197, -3.152656078338623, -3.1307778358459473, -3.1088995933532715, -3.087021589279175, -3.065143346786499, -3.0432651042938232, -3.0213871002197266, -2.999508857727051, -2.977630615234375, -2.9557526111602783, -2.9338743686676025, -2.911996364593506, -2.89011812210083, -2.8682398796081543, -2.8463618755340576, -2.824483633041382, -2.802605390548706, -2.7807273864746094, -2.7588491439819336, -2.736970901489258, -2.715092897415161, -2.6932146549224854, -2.6713364124298096, -2.649458408355713, -2.627580165863037, -2.6057019233703613, -2.5838239192962646, -2.561945676803589]}, "_timestamp": 1708455366.501312, "_runtime": 6.5544679164886475, "_step": 0, "_wandb": {"runtime": 4}}