{"Loss": {"_type": "histogram", "values": [3, 0, 0, 0, 0, 0, 0, 1, 0, 0, 0, 0, 0, 0, 0, 0, 121, 0, 0, 0, 0, 0, 0, 0, 0, 2, 0, 0, 0, 0, 0, 1], "bins": [-3.1995630264282227, -3.198108673095703, -3.1966543197631836, -3.195199966430664, -3.1937456130981445, -3.192291259765625, -3.1908369064331055, -3.189382553100586, -3.1879281997680664, -3.186473846435547, -3.1850194931030273, -3.183565139770508, -3.1821107864379883, -3.1806564331054688, -3.179202079772949, -3.1777477264404297, -3.17629337310791, -3.1748387813568115, -3.173384428024292, -3.1719300746917725, -3.170475721359253, -3.1690213680267334, -3.167567014694214, -3.1661126613616943, -3.164658308029175, -3.1632039546966553, -3.1617496013641357, -3.160295248031616, -3.1588408946990967, -3.157386541366577, -3.1559321880340576, -3.154477834701538, -3.1530234813690186]}, "_timestamp": 1708455163.5569868, "_runtime": 6.895922899246216, "_step": 0, "_wandb": {"runtime": 4}}