{"Loss": {"_type": "histogram", "values": [1, 0, 0, 0, 0, 0, 11, 0, 8, 0, 0, 0, 0, 7, 1, 32, 0, 1, 0, 37, 0, 0, 2, 1, 0, 14, 8, 0, 0, 4, 0, 1], "bins": [-3.2269127368927, -3.203026294708252, -3.179140090942383, -3.1552536487579346, -3.1313674449920654, -3.107481002807617, -3.083594799041748, -3.0597083568573, -3.0358221530914307, -3.0119357109069824, -2.9880495071411133, -2.964163064956665, -2.940276861190796, -2.9163904190063477, -2.8925042152404785, -2.8686177730560303, -2.844731330871582, -2.820845127105713, -2.7969586849212646, -2.7730724811553955, -2.7491860389709473, -2.725299835205078, -2.70141339302063, -2.6775271892547607, -2.6536407470703125, -2.6297545433044434, -2.605868101119995, -2.581981897354126, -2.5580954551696777, -2.5342092514038086, -2.5103228092193604, -2.486436605453491, -2.462550163269043]}, "_timestamp": 1708455406.260406, "_runtime": 6.648210048675537, "_step": 0, "_wandb": {"runtime": 4}}