{"Loss": {"_type": "histogram", "values": [3, 0, 0, 0, 0, 0, 13, 0, 0, 0, 0, 0, 4, 3, 0, 0, 0, 0, 0, 0, 0, 0, 0, 0, 2, 19, 0, 0, 0, 0, 0, 84], "bins": [-3.104412078857422, -3.0981533527374268, -3.0918946266174316, -3.0856359004974365, -3.0793774127960205, -3.0731186866760254, -3.0668599605560303, -3.060601234436035, -3.05434250831604, -3.048083782196045, -3.041825294494629, -3.035566568374634, -3.0293078422546387, -3.0230491161346436, -3.0167903900146484, -3.0105316638946533, -3.004272937774658, -2.998014450073242, -2.991755723953247, -2.985496997833252, -2.979238271713257, -2.9729795455932617, -2.9667208194732666, -2.9604623317718506, -2.9542036056518555, -2.9479448795318604, -2.9416861534118652, -2.93542742729187, -2.929168701171875, -2.922910213470459, -2.916651487350464, -2.9103927612304688, -2.9041340351104736]}, "_timestamp": 1708455327.0459242, "_runtime": 6.625828266143799, "_step": 0, "_wandb": {"runtime": 4}}