{"Loss": {"_type": "histogram", "values": [8, 0, 12, 0, 0, 4, 0, 5, 13, 25, 0, 0, 0, 0, 1, 0, 2, 0, 0, 7, 1, 4, 1, 9, 2, 0, 7, 0, 11, 4, 11, 1], "bins": [-3.255110025405884, -3.23238205909729, -3.2096540927886963, -3.1869263648986816, -3.164198398590088, -3.141470432281494, -3.1187424659729004, -3.0960147380828857, -3.073286771774292, -3.0505588054656982, -3.0278308391571045, -3.0051028728485107, -2.982375144958496, -2.9596471786499023, -2.9369192123413086, -2.914191246032715, -2.891463279724121, -2.8687355518341064, -2.8460075855255127, -2.823279619216919, -2.800551652908325, -2.7778239250183105, -2.755095958709717, -2.732367992401123, -2.7096400260925293, -2.6869120597839355, -2.664184331893921, -2.641456365585327, -2.6187283992767334, -2.5960004329681396, -2.573272705078125, -2.5505447387695312, -2.5278167724609375]}, "_timestamp": 1708455479.4723861, "_runtime": 6.559532165527344, "_step": 0, "_wandb": {"runtime": 3}}