{"Loss": {"_type": "histogram", "values": [19, 0, 1, 0, 0, 0, 0, 0, 0, 0, 0, 0, 0, 0, 0, 0, 0, 0, 0, 0, 0, 0, 0, 0, 5, 0, 1, 0, 0, 0, 0, 102], "bins": [-3.17386531829834, -3.1695797443389893, -3.1652944087982178, -3.161008834838867, -3.1567234992980957, -3.152437925338745, -3.1481523513793945, -3.143867015838623, -3.1395814418792725, -3.135295867919922, -3.1310105323791504, -3.1267249584198, -3.122439384460449, -3.1181540489196777, -3.113868474960327, -3.1095831394195557, -3.105297565460205, -3.1010119915008545, -3.096726655960083, -3.0924410820007324, -3.088155746459961, -3.0838701725006104, -3.0795845985412598, -3.0752992630004883, -3.0710136890411377, -3.066728115081787, -3.0624427795410156, -3.058157205581665, -3.0538716316223145, -3.049586296081543, -3.0453007221221924, -3.041015386581421, -3.0367298126220703]}, "_timestamp": 1708455312.192385, "_runtime": 7.239659070968628, "_step": 0, "_wandb": {"runtime": 4}}