{"Loss": {"_type": "histogram", "values": [8, 1, 10, 4, 1, 0, 16, 4, 4, 0, 4, 0, 0, 0, 2, 13, 0, 2, 6, 2, 1, 0, 12, 2, 12, 3, 13, 5, 1, 1, 0, 1], "bins": [-3.3208818435668945, -3.2929906845092773, -3.2650997638702393, -3.237208604812622, -3.209317684173584, -3.181426525115967, -3.1535356044769287, -3.1256444454193115, -3.0977535247802734, -3.0698623657226562, -3.041971445083618, -3.014080286026001, -2.986189365386963, -2.9582982063293457, -2.9304072856903076, -2.9025161266326904, -2.8746252059936523, -2.846734046936035, -2.818842887878418, -2.79095196723938, -2.7630608081817627, -2.7351698875427246, -2.7072787284851074, -2.6793878078460693, -2.651496648788452, -2.623605728149414, -2.595714569091797, -2.567823648452759, -2.5399324893951416, -2.5120415687561035, -2.4841504096984863, -2.4562594890594482, -2.428368330001831]}, "_timestamp": 1708455506.574102, "_runtime": 7.0859339237213135, "_step": 0, "_wandb": {"runtime": 4}}