{"Loss": {"_type": "histogram", "values": [121, 0, 0, 0, 0, 0, 0, 0, 0, 0, 2, 2, 0, 0, 0, 0, 0, 0, 0, 0, 0, 0, 0, 0, 0, 0, 0, 0, 0, 0, 0, 3], "bins": [-3.1759634017944336, -3.1738107204437256, -3.1716580390930176, -3.1695055961608887, -3.1673529148101807, -3.1652002334594727, -3.1630477905273438, -3.1608951091766357, -3.1587424278259277, -3.1565897464752197, -3.1544370651245117, -3.152284622192383, -3.150131940841675, -3.147979259490967, -3.145826816558838, -3.14367413520813, -3.141521453857422, -3.139368772506714, -3.137216091156006, -3.135063648223877, -3.132910966873169, -3.130758285522461, -3.128605842590332, -3.126453161239624, -3.124300479888916, -3.122147798538208, -3.1199951171875, -3.117842674255371, -3.115689992904663, -3.113537311553955, -3.111384868621826, -3.109232187271118, -3.10707950592041]}, "_timestamp": 1708455194.3452039, "_runtime": 6.640373945236206, "_step": 0, "_wandb": {"runtime": 3}}