{"Loss": {"_type": "histogram", "values": [5, 0, 0, 0, 0, 6, 0, 0, 0, 3, 0, 20, 0, 0, 2, 0, 0, 0, 0, 0, 1, 0, 0, 0, 0, 0, 0, 13, 2, 0, 0, 76], "bins": [-3.1633617877960205, -3.1510796546936035, -3.1387975215911865, -3.1265153884887695, -3.1142330169677734, -3.1019508838653564, -3.0896687507629395, -3.0773866176605225, -3.0651044845581055, -3.0528223514556885, -3.0405402183532715, -3.0282580852508545, -3.0159759521484375, -3.0036935806274414, -2.9914114475250244, -2.9791293144226074, -2.9668471813201904, -2.9545650482177734, -2.9422829151153564, -2.9300007820129395, -2.9177184104919434, -2.9054362773895264, -2.8931541442871094, -2.8808720111846924, -2.8685898780822754, -2.8563077449798584, -2.8440256118774414, -2.8317434787750244, -2.8194613456726074, -2.8071789741516113, -2.7948968410491943, -2.7826147079467773, -2.7703325748443604]}, "_timestamp": 1708455340.18793, "_runtime": 6.919105052947998, "_step": 0, "_wandb": {"runtime": 4}}