{"Loss": {"_type": "histogram", "values": [6, 0, 0, 0, 0, 0, 7, 0, 13, 0, 0, 0, 1, 0, 0, 0, 0, 3, 3, 0, 1, 0, 0, 0, 19, 0, 0, 2, 1, 0, 0, 72], "bins": [-3.1936779022216797, -3.1768174171447754, -3.159956693649292, -3.1430962085723877, -3.1262354850769043, -3.109375, -3.0925145149230957, -3.0756537914276123, -3.058793306350708, -3.0419328212738037, -3.0250720977783203, -3.008211612701416, -2.9913511276245117, -2.9744904041290283, -2.957629919052124, -2.9407691955566406, -2.9239087104797363, -2.907048225402832, -2.8901875019073486, -2.8733270168304443, -2.856466293334961, -2.8396058082580566, -2.8227453231811523, -2.805884599685669, -2.7890241146087646, -2.7721636295318604, -2.755302906036377, -2.7384424209594727, -2.7215819358825684, -2.704721212387085, -2.6878607273101807, -2.6710000038146973, -2.654139518737793]}, "_timestamp": 1708455353.3044732, "_runtime": 6.784788131713867, "_step": 0, "_wandb": {"runtime": 3}}