{"Loss": {"_type": "histogram", "values": [121, 0, 1, 2, 0, 1, 0, 0, 0, 0, 0, 0, 0, 0, 0, 0, 0, 0, 0, 0, 0, 0, 0, 0, 0, 0, 0, 0, 0, 0, 0, 3], "bins": [-3.1759610176086426, -3.174146890640259, -3.172332763671875, -3.170518636703491, -3.1687045097351074, -3.1668901443481445, -3.1650760173797607, -3.163261890411377, -3.161447763442993, -3.1596336364746094, -3.1578195095062256, -3.156005382537842, -3.154191017150879, -3.152376890182495, -3.1505627632141113, -3.1487486362457275, -3.1469345092773438, -3.14512038230896, -3.143306255340576, -3.1414921283721924, -3.1396780014038086, -3.1378636360168457, -3.136049509048462, -3.134235382080078, -3.1324212551116943, -3.1306071281433105, -3.1287930011749268, -3.126978874206543, -3.12516450881958, -3.1233503818511963, -3.1215362548828125, -3.1197221279144287, -3.117908000946045]}, "_timestamp": 1708455265.204418, "_runtime": 6.6444549560546875, "_step": 0, "_wandb": {"runtime": 4}}