{"Loss": {"_type": "histogram", "values": [127, 0, 0, 0, 0, 0, 0, 0, 0, 0, 0, 0, 0, 0, 0, 0, 0, 0, 0, 0, 0, 0, 0, 0, 0, 0, 0, 0, 0, 0, 0, 1], "bins": [-3.1349940299987793, -3.133463144302368, -3.131932020187378, -3.130401134490967, -3.1288702487945557, -3.1273391246795654, -3.1258082389831543, -3.124277353286743, -3.122746467590332, -3.121215343475342, -3.1196844577789307, -3.1181535720825195, -3.1166224479675293, -3.115091562271118, -3.113560676574707, -3.112029552459717, -3.1104986667633057, -3.1089677810668945, -3.1074366569519043, -3.105905771255493, -3.104374885559082, -3.102843761444092, -3.1013128757476807, -3.0997819900512695, -3.0982508659362793, -3.096719980239868, -3.095189094543457, -3.093658208847046, -3.0921270847320557, -3.0905961990356445, -3.0890653133392334, -3.087534189224243, -3.086003303527832]}, "_timestamp": 1708455292.8692899, "_runtime": 6.0103538036346436, "_step": 0, "_wandb": {"runtime": 4}}