{"Loss": {"_type": "histogram", "values": [2, 0, 0, 0, 0, 121, 0, 0, 0, 0, 1, 0, 0, 0, 0, 0, 0, 0, 0, 0, 0, 0, 0, 0, 0, 0, 0, 0, 0, 1, 0, 3], "bins": [-3.1880924701690674, -3.1857211589813232, -3.183349847793579, -3.180978536605835, -3.178607225418091, -3.1762359142303467, -3.1738643646240234, -3.1714930534362793, -3.169121742248535, -3.166750431060791, -3.164379119873047, -3.1620078086853027, -3.1596364974975586, -3.1572651863098145, -3.1548938751220703, -3.152522563934326, -3.150151252746582, -3.147779703140259, -3.1454083919525146, -3.1430370807647705, -3.1406657695770264, -3.1382944583892822, -3.135923147201538, -3.133551836013794, -3.13118052482605, -3.1288092136383057, -3.1264379024505615, -3.1240663528442383, -3.121695041656494, -3.11932373046875, -3.116952419281006, -3.1145811080932617, -3.1122097969055176]}, "_timestamp": 1708455147.086949, "_runtime": 6.589048147201538, "_step": 0, "_wandb": {"runtime": 4}}