{"Loss": {"_type": "histogram", "values": [4, 0, 3, 1, 0, 0, 2, 6, 5, 25, 0, 0, 0, 2, 1, 0, 1, 3, 24, 0, 1, 5, 1, 0, 7, 10, 0, 0, 0, 4, 21, 2], "bins": [-3.2475712299346924, -3.224897861480713, -3.2022247314453125, -3.179551601409912, -3.1568782329559326, -3.134204864501953, -3.1115317344665527, -3.0888586044311523, -3.066185235977173, -3.0435118675231934, -3.020838737487793, -2.9981656074523926, -2.975492238998413, -2.9528188705444336, -2.930145740509033, -2.907472610473633, -2.8847992420196533, -2.862125873565674, -2.8394527435302734, -2.816779613494873, -2.7941062450408936, -2.771432876586914, -2.7487597465515137, -2.7260866165161133, -2.703413248062134, -2.6807398796081543, -2.658066749572754, -2.6353936195373535, -2.612720251083374, -2.5900468826293945, -2.567373752593994, -2.5447006225585938, -2.5220272541046143]}, "_timestamp": 1708455439.960209, "_runtime": 6.686747789382935, "_step": 0, "_wandb": {"runtime": 3}}