{"Loss": {"_type": "histogram", "values": [121, 1, 3, 0, 0, 0, 0, 0, 0, 0, 0, 0, 0, 0, 0, 0, 0, 0, 0, 0, 0, 0, 0, 0, 0, 0, 0, 0, 0, 0, 0, 3], "bins": [-3.175961494445801, -3.171520709991455, -3.1670799255371094, -3.1626389026641846, -3.158198118209839, -3.153757333755493, -3.1493165493011475, -3.1448757648468018, -3.140434741973877, -3.1359939575195312, -3.1315531730651855, -3.12711238861084, -3.122671604156494, -3.1182308197021484, -3.1137897968292236, -3.109349012374878, -3.1049082279205322, -3.1004674434661865, -3.096026659011841, -3.091585636138916, -3.0871448516845703, -3.0827040672302246, -3.078263282775879, -3.073822498321533, -3.0693817138671875, -3.0649406909942627, -3.060499906539917, -3.0560591220855713, -3.0516183376312256, -3.04717755317688, -3.042736530303955, -3.0382957458496094, -3.0338549613952637]}, "_timestamp": 1708455252.061964, "_runtime": 6.472713947296143, "_step": 0, "_wandb": {"runtime": 3}}