{"Loss": {"_type": "histogram", "values": [121, 0, 0, 0, 0, 0, 0, 0, 0, 1, 0, 0, 0, 2, 0, 0, 1, 0, 0, 0, 0, 0, 0, 0, 0, 0, 0, 0, 0, 0, 0, 3], "bins": [-3.17596173286438, -3.1746180057525635, -3.173274040222168, -3.1719303131103516, -3.170586585998535, -3.1692426204681396, -3.1678988933563232, -3.166555166244507, -3.1652112007141113, -3.163867473602295, -3.1625237464904785, -3.161179780960083, -3.1598360538482666, -3.15849232673645, -3.1571483612060547, -3.1558046340942383, -3.154460906982422, -3.1531169414520264, -3.15177321434021, -3.1504292488098145, -3.149085521697998, -3.1477417945861816, -3.146397829055786, -3.1450541019439697, -3.1437103748321533, -3.142366409301758, -3.1410226821899414, -3.139678955078125, -3.1383349895477295, -3.136991262435913, -3.1356475353240967, -3.134303569793701, -3.1329598426818848]}, "_timestamp": 1708455225.987041, "_runtime": 7.525003910064697, "_step": 0, "_wandb": {"runtime": 4}}