{"Loss": {"_type": "histogram", "values": [3, 0, 0, 0, 0, 0, 0, 0, 0, 0, 0, 0, 0, 0, 0, 0, 0, 0, 0, 0, 0, 121, 0, 0, 0, 1, 0, 0, 2, 0, 0, 1], "bins": [-3.188098192214966, -3.187528610229492, -3.1869590282440186, -3.186389684677124, -3.1858201026916504, -3.1852505207061768, -3.184680938720703, -3.1841115951538086, -3.183542013168335, -3.1829724311828613, -3.1824028491973877, -3.181833267211914, -3.1812639236450195, -3.180694341659546, -3.1801247596740723, -3.1795551776885986, -3.178985595703125, -3.1784162521362305, -3.177846670150757, -3.177277088165283, -3.1767075061798096, -3.176138162612915, -3.1755685806274414, -3.1749989986419678, -3.174429416656494, -3.1738598346710205, -3.173290491104126, -3.1727209091186523, -3.1721513271331787, -3.171581745147705, -3.1710124015808105, -3.170442819595337, -3.1698732376098633]}, "_timestamp": 1708455278.392107, "_runtime": 6.42603611946106, "_step": 0, "_wandb": {"runtime": 4}}