{"Loss": {"_type": "histogram", "values": [3, 0, 2, 0, 0, 0, 0, 66, 2, 1, 0, 0, 0, 3, 8, 6, 0, 0, 0, 2, 0, 0, 3, 29, 0, 0, 0, 0, 0, 0, 0, 3], "bins": [-3.2632651329040527, -3.2391934394836426, -3.2151215076446533, -3.191049814224243, -3.166977882385254, -3.1429061889648438, -3.1188344955444336, -3.0947625637054443, -3.070690870285034, -3.046618938446045, -3.0225472450256348, -2.9984755516052246, -2.9744036197662354, -2.950331926345825, -2.926259994506836, -2.902188301086426, -2.8781166076660156, -2.8540446758270264, -2.829972982406616, -2.805901050567627, -2.781829357147217, -2.7577574253082275, -2.7336857318878174, -2.7096140384674072, -2.685542106628418, -2.661470413208008, -2.6373984813690186, -2.6133267879486084, -2.5892550945281982, -2.565183162689209, -2.541111469268799, -2.5170395374298096, -2.4929678440093994]}, "_timestamp": 1708455379.5497222, "_runtime": 6.738917112350464, "_step": 0, "_wandb": {"runtime": 3}}