{"Loss": {"_type": "histogram", "values": [4, 2, 4, 1, 2, 0, 1, 2, 1, 27, 3, 0, 0, 0, 0, 0, 0, 0, 2, 16, 7, 0, 15, 10, 6, 1, 0, 6, 0, 0, 1, 17], "bins": [-3.2867026329040527, -3.264000415802002, -3.241298198699951, -3.2185959815979004, -3.1958937644958496, -3.173191547393799, -3.150489091873169, -3.127786874771118, -3.1050846576690674, -3.0823824405670166, -3.059680223464966, -3.036978006362915, -3.0142757892608643, -2.9915735721588135, -2.9688713550567627, -2.946169137954712, -2.923466682434082, -2.9007644653320312, -2.8780622482299805, -2.8553600311279297, -2.832657814025879, -2.809955596923828, -2.7872533798217773, -2.7645511627197266, -2.741848945617676, -2.719146728515625, -2.696444511413574, -2.6737420558929443, -2.6510398387908936, -2.6283376216888428, -2.605635404586792, -2.582933187484741, -2.5602309703826904]}, "_timestamp": 1708455453.288227, "_runtime": 6.924129009246826, "_step": 0, "_wandb": {"runtime": 4}}