{"Loss": {"_type": "histogram", "values": [121, 0, 0, 0, 0, 0, 0, 0, 1, 0, 0, 0, 0, 2, 0, 1, 0, 0, 0, 0, 0, 0, 0, 0, 0, 0, 0, 0, 0, 0, 0, 3], "bins": [-3.17596435546875, -3.174286365509033, -3.1726083755493164, -3.1709303855895996, -3.169252395629883, -3.167574167251587, -3.16589617729187, -3.1642181873321533, -3.1625401973724365, -3.1608622074127197, -3.159184217453003, -3.157506227493286, -3.1558279991149902, -3.1541500091552734, -3.1524720191955566, -3.15079402923584, -3.149116039276123, -3.1474380493164062, -3.1457600593566895, -3.1440820693969727, -3.142404079437256, -3.14072585105896, -3.139047861099243, -3.1373698711395264, -3.1356918811798096, -3.1340138912200928, -3.132335901260376, -3.130657911300659, -3.1289796829223633, -3.1273016929626465, -3.1256237030029297, -3.123945713043213, -3.122267723083496]}, "_timestamp": 1708455181.218176, "_runtime": 6.997990846633911, "_step": 0, "_wandb": {"runtime": 4}}