{"Loss": {"_type": "histogram", "values": [5, 0, 10, 0, 0, 0, 0, 0, 10, 0, 1, 0, 0, 0, 0, 0, 1, 33, 27, 0, 1, 7, 6, 1, 0, 1, 0, 0, 14, 4, 0, 7], "bins": [-3.2780206203460693, -3.254300832748413, -3.230581045150757, -3.2068612575531006, -3.1831417083740234, -3.159421920776367, -3.135702133178711, -3.1119823455810547, -3.0882625579833984, -3.064542770385742, -3.040822982788086, -3.0171031951904297, -2.9933834075927734, -2.9696638584136963, -2.94594407081604, -2.922224283218384, -2.8985044956207275, -2.8747847080230713, -2.851064920425415, -2.827345132827759, -2.8036255836486816, -2.7799057960510254, -2.756186008453369, -2.732466220855713, -2.7087464332580566, -2.6850266456604004, -2.661306858062744, -2.637587070465088, -2.6138672828674316, -2.5901477336883545, -2.5664279460906982, -2.542708158493042, -2.5189883708953857]}, "_timestamp": 1708455426.290934, "_runtime": 10.419211149215698, "_step": 0, "_wandb": {"runtime": 4}}